G,Date,Time,Network,Type,�,Opponent,Conf,�.1,Tm,Opp,OT,W,L,Streak,Arena
1,"Fri, Nov 11, 2016",12:00 pm/est,,REG,,Milligan,,W,102,64,,1,0,W 1,Murphy Athletic Center
2,"Tue, Nov 15, 2016",7:30 pm/est,,REG,,Murray State,OVC,W,87,81,,2,0,W 2,Murphy Athletic Center
3,"Sat, Nov 19, 2016",7:30 pm/est,,REG,,Tennessee State,OVC,L,63,74,,2,1,L 1,Murphy Athletic Center
4,"Tue, Nov 22, 2016",7:30 pm/est,,REG,,Toledo,MAC,W,80,70,,3,1,W 1,Murphy Athletic Center
5,"Fri, Nov 25, 2016",8:30 pm/est,,REG,N,North Carolina-Wilmington,CAA,W,68,63,,4,1,W 2,Nashville Municipal Auditorium
6,"Sat, Nov 26, 2016",8:30 pm/est,,REG,N,Toledo,MAC,W,73,70,OT,5,1,W 3,John F. Savage Hall
7,"Sun, Nov 27, 2016",6:30 pm/est,,REG,N,Evansville,MVC,W,66,55,,6,1,W 4,Nashville Municipal Auditorium
8,"Wed, Nov 30, 2016",8:00 pm/est,,REG,@,Mississippi,SEC,W,77,62,,7,1,W 5,The Pavilion at Ole Miss
9,"Sat, Dec 3, 2016",8:05 pm/est,,REG,@,South Alabama,Sun Belt,W,67,55,,8,1,W 6,Mitchell Center
10,"Thu, Dec 8, 2016",7:30 pm/est,,REG,,Vanderbilt,SEC,W,71,48,,9,1,W 7,Murphy Athletic Center
11,"Wed, Dec 14, 2016",8:00 pm/est,,REG,@,Belmont,OVC,W,79,66,,10,1,W 8,Curb Event Center
12,"Sat, Dec 17, 2016",7:00 pm/est,,REG,@,Virginia Commonwealth,A-10,L,77,80,,10,2,L 1,Stuart Siegel Center
13,"Wed, Dec 21, 2016",7:30 pm/est,,REG,,Georgia State,Sun Belt,L,56,64,,10,3,L 2,Murphy Athletic Center
14,"Sun, Jan 1, 2017",6:00 pm/est,,REG,,Alabama-Birmingham,CUSA,W,60,49,,11,3,W 1,Murphy Athletic Center
15,"Thu, Jan 5, 2017",8:00 pm/est,,REG,@,Rice,CUSA,W,80,77,,12,3,W 2,Tudor Fieldhouse
16,"Sat, Jan 7, 2017",3:00 pm/est,,REG,@,North Texas,CUSA,W,79,68,,13,3,W 3,UNT Coliseum
17,"Thu, Jan 12, 2017",8:00 pm/est,,REG,,Marshall,CUSA,W,69,57,,14,3,W 4,Murphy Athletic Center
18,"Sat, Jan 14, 2017",8:00 pm/est,,REG,,Western Kentucky,CUSA,W,91,76,,15,3,W 5,Murphy Athletic Center
19,"Thu, Jan 19, 2017",7:00 pm/est,,REG,@,Florida International,CUSA,W,65,52,,16,3,W 6,FIU Arena
20,"Sat, Jan 21, 2017",7:00 pm/est,,REG,@,Florida Atlantic,CUSA,W,86,57,,17,3,W 7,FAU Arena
21,"Thu, Jan 26, 2017",7:30 pm/est,,REG,,Southern Mississippi,CUSA,W,72,56,,18,3,W 8,Murphy Athletic Center
22,"Sat, Jan 28, 2017",6:00 pm/est,,REG,,Louisiana Tech,CUSA,W,71,61,,19,3,W 9,Murphy Athletic Center
23,"Thu, Feb 2, 2017",8:00 pm/est,,REG,@,Texas-San Antonio,CUSA,W,69,59,,20,3,W 10,Convocation Center
24,"Sat, Feb 4, 2017",8:00 pm/est,,REG,@,Texas-El Paso,CUSA,L,54,57,,20,4,L 1,Don Haskins Center
25,"Thu, Feb 9, 2017",8:00 pm/est,,REG,,Old Dominion,CUSA,W,64,51,,21,4,W 1,Murphy Athletic Center
26,"Sat, Feb 11, 2017",6:00 pm/est,,REG,,Charlotte,CUSA,W,70,55,,22,4,W 2,Murphy Athletic Center
27,"Thu, Feb 16, 2017",9:00 pm/est,,REG,@,Western Kentucky,CUSA,W,78,52,,23,4,W 3,E.A. Diddle Arena
28,"Sat, Feb 18, 2017",6:00 pm/est,,REG,@,Marshall,CUSA,W,97,86,,24,4,W 4,Henderson Center
29,"Sun, Feb 26, 2017",1:00 pm/est,,REG,@,Alabama-Birmingham,CUSA,W,66,64,,25,4,W 5,Bartow Arena
30,"Thu, Mar 2, 2017",7:30 pm/est,,REG,,Florida International,CUSA,W,70,67,,26,4,W 6,Murphy Athletic Center
31,"Sat, Mar 4, 2017",6:00 pm/est,,REG,,Florida Atlantic,CUSA,W,93,59,,27,4,W 7,Murphy Athletic Center
G,Date,Time,Network,Type,,Opponent,Conf,,Tm,Opp,OT,W,L,Streak,Arena
32,"Thu, Mar 9, 2017",12:30 pm/est,,CTOURN,N,Texas-San Antonio,CUSA,W,86,70,,28,4,W 8,Legacy Arena
33,"Fri, Mar 10, 2017",12:30 pm/est,,CTOURN,N,Texas-El Paso,CUSA,W,82,56,,29,4,W 9,Legacy Arena
34,"Sat, Mar 11, 2017",8:30 pm/est,,CTOURN,N,Marshall,CUSA,W,83,72,,30,4,W 10,Legacy Arena
G,Date,Time,Network,Type,,Opponent,Conf,,Tm,Opp,OT,W,L,Streak,Arena
35,"Thu, Mar 16, 2017",4:00 pm/est,,NCAA,N,Minnesota,Big Ten,,,,,,,,
